{
    "capillary_frequency": 3.706246583305506,
    "curvature_frequency": 133252007718.36652,
    "min_frequency": 0.013325200771836652,
    "max_frequency": 1332520077183.665,
    "min_distance": 7.504577357765148e-13,
    "max_distance": 75.04577357765147
}